[{"DocumentKeywordVectors":[{"TotalDocumentLength":33255,"PageCount":1,"FirstPageVector":{"VectorId":"School.Assignment.Afterschool_1.FirstPage","DocumentCount":13,"TermsWithScores":[{"Score":12.35,"Term":"data","LastUpdated":"2020-07-11T17:16:25.6128314+05:30"},{"Score":10.91,"Term":"tables","LastUpdated":"2020-07-11T17:16:25.6128314+05:30"},{"Score":9.87,"Term":"students","LastUpdated":"2020-07-11T17:16:25.6128314+05:30"},{"Score":9.44,"Term":"afterschool","LastUpdated":"2020-07-11T17:16:25.6128314+05:30"},{"Score":9.36,"Term":"learning","LastUpdated":"2020-07-11T17:16:25.6128314+05:30"},{"Score":9.1,"Term":"tutoring","LastUpdated":"2020-07-11T17:16:25.6128314+05:30"},{"Score":9.09,"Term":"safety","LastUpdated":"2020-07-11T17:16:25.6128314+05:30"},{"Score":8.84,"Term":"national","LastUpdated":"2020-07-11T17:16:25.6128314+05:30"},{"Score":8.84,"Term":"quality","LastUpdated":"2020-07-11T17:16:25.6128314+05:30"},{"Score":8.84,"Term":"partnership","LastUpdated":"2020-07-11T17:16:25.6128314+05:30"},{"Score":8.45,"Term":"enhance","LastUpdated":"2020-07-11T17:16:25.6128314+05:30"},{"Score":8.45,"Term":"create","LastUpdated":"2020-07-11T17:16:25.6128314+05:30"},{"Score":8.44,"Term":"science","LastUpdated":"2020-07-11T17:16:25.6128314+05:30"},{"Score":8.42,"Term":"skills","LastUpdated":"2020-07-11T17:16:25.6128314+05:30"},{"Score":8.21,"Term":"table","LastUpdated":"2020-07-11T17:16:25.6128314+05:30"},{"Score":8.05,"Term":"pet","LastUpdated":"2020-07-11T17:16:25.6128314+05:30"},{"Score":8.05,"Term":"survey","LastUpdated":"2020-07-11T17:16:25.6128314+05:30"},{"Score":7.93,"Term":"sample","LastUpdated":"2020-07-11T17:16:25.6128314+05:30"},{"Score":7.67,"Term":"guidelines","LastUpdated":"2020-07-11T17:16:25.6128314+05:30"},{"Score":7.54,"Term":"checklist","LastUpdated":"2020-07-11T17:16:25.6128314+05:30"},{"Score":7.04,"Term":"elementary","LastUpdated":"2020-07-11T17:16:25.6128314+05:30"},{"Score":7.04,"Term":"morales","LastUpdated":"2020-07-11T17:16:25.6128314+05:30"},{"Score":7.01,"Term":"school","LastUpdated":"2020-07-11T17:16:25.6128314+05:30"},{"Score":6.88,"Term":"coils","LastUpdated":"2020-07-11T17:16:25.6128314+05:30"},{"Score":6.88,"Term":"select","LastUpdated":"2020-07-11T17:16:25.6128314+05:30"},{"Score":6.88,"Term":"favorite","LastUpdated":"2020-07-11T17:16:25.6128314+05:30"},{"Score":6.78,"Term":"list","LastUpdated":"2020-07-11T17:16:25.6128314+05:30"},{"Score":6.75,"Term":"animals","LastUpdated":"2020-07-11T17:16:25.6128314+05:30"},{"Score":6.62,"Term":"cat","LastUpdated":"2020-07-11T17:16:25.6128314+05:30"},{"Score":6.62,"Term":"dog","LastUpdated":"2020-07-11T17:16:25.6128314+05:30"},{"Score":6.62,"Term":"lizard","LastUpdated":"2020-07-11T17:16:25.6128314+05:30"},{"Score":6.61,"Term":"battery","LastUpdated":"2020-07-11T17:16:25.6128314+05:30"},{"Score":6.52,"Term":"bird","LastUpdated":"2020-07-11T17:16:25.6128314+05:30"},{"Score":6.49,"Term":"pig","LastUpdated":"2020-07-11T17:16:25.6128314+05:30"},{"Score":6.49,"Term":"hamster","LastUpdated":"2020-07-11T17:16:25.6128314+05:30"},{"Score":6.49,"Term":"guinea","LastUpdated":"2020-07-11T17:16:25.6128314+05:30"},{"Score":6.39,"Term":"fish","LastUpdated":"2020-07-11T17:16:25.6128314+05:30"},{"Score":6.36,"Term":"ferret","LastUpdated":"2020-07-11T17:16:25.6128314+05:30"},{"Score":6.23,"Term":"precautions","LastUpdated":"2020-07-11T17:16:25.6128314+05:30"},{"Score":6.22,"Term":"repeating","LastUpdated":"2020-07-11T17:16:25.6128314+05:30"},{"Score":6.1,"Term":"collected","LastUpdated":"2020-07-11T17:16:25.6128314+05:30"},{"Score":6.1,"Term":"include","LastUpdated":"2020-07-11T17:16:25.6128314+05:30"},{"Score":6.1,"Term":"experiment","LastUpdated":"2020-07-11T17:16:25.6128314+05:30"},{"Score":6.09,"Term":"goggles","LastUpdated":"2020-07-11T17:16:25.6128314+05:30"},{"Score":6.09,"Term":"substances","LastUpdated":"2020-07-11T17:16:25.6128314+05:30"},{"Score":5.99,"Term":"electromagnet","LastUpdated":"2020-07-11T17:16:25.6128314+05:30"},{"Score":5.97,"Term":"volt","LastUpdated":"2020-07-11T17:16:25.6128314+05:30"},{"Score":5.84,"Term":"piece","LastUpdated":"2020-07-11T17:16:25.6128314+05:30"},{"Score":5.84,"Term":"insulated","LastUpdated":"2020-07-11T17:16:25.6128314+05:30"},{"Score":5.84,"Term":"switch","LastUpdated":"2020-07-11T17:16:25.6128314+05:30"},{"Score":5.83,"Term":"household","LastUpdated":"2020-07-11T17:16:25.6128314+05:30"},{"Score":5.73,"Term":"wire","LastUpdated":"2020-07-11T17:16:25.6128314+05:30"},{"Score":5.71,"Term":"nail","LastUpdated":"2020-07-11T17:16:25.6128314+05:30"},{"Score":5.71,"Term":"trials","LastUpdated":"2020-07-11T17:16:25.6128314+05:30"},{"Score":5.32,"Term":"spectacles","LastUpdated":"2020-07-11T17:16:25.6128314+05:30"},{"Score":5.31,"Term":"avoiding","LastUpdated":"2020-07-11T17:16:25.6128314+05:30"},{"Score":5.31,"Term":"short","LastUpdated":"2020-07-11T17:16:25.6128314+05:30"},{"Score":5.19,"Term":"circuits","LastUpdated":"2020-07-11T17:16:25.6128314+05:30"},{"Score":5.06,"Term":"paperclips","LastUpdated":"2020-07-11T17:16:25.6128314+05:30"},{"Score":4.37,"Term":"values","LastUpdated":"2020-07-11T17:16:25.6128314+05:30"},{"Score":4.27,"Term":"common","LastUpdated":"2020-07-11T17:16:25.6128314+05:30"},{"Score":4.24,"Term":"bleach","LastUpdated":"2020-07-11T17:16:25.6128314+05:30"},{"Score":4.24,"Term":"ammonia","LastUpdated":"2020-07-11T17:16:25.6128314+05:30"},{"Score":4.14,"Term":"teams","LastUpdated":"2020-07-11T17:16:25.6128314+05:30"},{"Score":4.11,"Term":"probes","LastUpdated":"2020-07-11T17:16:25.6128314+05:30"},{"Score":4.01,"Term":"juice","LastUpdated":"2020-07-11T17:16:25.6128314+05:30"},{"Score":3.87,"Term":"water","LastUpdated":"2020-07-11T17:16:25.6128314+05:30"},{"Score":3.86,"Term":"hooded","LastUpdated":"2020-07-11T17:16:25.6128314+05:30"},{"Score":3.85,"Term":"ventilation","LastUpdated":"2020-07-11T17:16:25.6128314+05:30"},{"Score":3.72,"Term":"acid","LastUpdated":"2020-07-11T17:16:25.6128314+05:30"},{"Score":3.72,"Term":"gloves","LastUpdated":"2020-07-11T17:16:25.6128314+05:30"},{"Score":3.62,"Term":"apron","LastUpdated":"2020-07-11T17:16:25.6128314+05:30"},{"Score":3.49,"Term":"strong","LastUpdated":"2020-07-11T17:16:25.6128314+05:30"},{"Score":3.48,"Term":"acids","LastUpdated":"2020-07-11T17:16:25.6128314+05:30"},{"Score":3.46,"Term":"children","LastUpdated":"2020-07-11T17:16:25.6128314+05:30"},{"Score":3.46,"Term":"lemon","LastUpdated":"2020-07-11T17:16:25.6128314+05:30"},{"Score":3.33,"Term":"soda","LastUpdated":"2020-07-11T17:16:25.6128314+05:30"},{"Score":3.33,"Term":"milk","LastUpdated":"2020-07-11T17:16:25.6128314+05:30"},{"Score":3.33,"Term":"baking","LastUpdated":"2020-07-11T17:16:25.6128314+05:30"},{"Score":3.2,"Term":"liquid","LastUpdated":"2020-07-11T17:16:25.6128314+05:30"},{"Score":3.1,"Term":"orange","LastUpdated":"2020-07-11T17:16:25.6128314+05:30"},{"Score":3.06,"Term":"scale","LastUpdated":"2020-07-11T17:16:25.6128314+05:30"},{"Score":2.94,"Term":"apples","LastUpdated":"2020-07-11T17:16:25.6128314+05:30"},{"Score":2.83,"Term":"tomatoes","LastUpdated":"2020-07-11T17:16:25.6128314+05:30"},{"Score":2.81,"Term":"bottled","LastUpdated":"2020-07-11T17:16:25.6128314+05:30"},{"Score":2.68,"Term":"magnesia","LastUpdated":"2020-07-11T17:16:25.6128314+05:30"},{"Score":2.67,"Term":"sodium","LastUpdated":"2020-07-11T17:16:25.6128314+05:30"},{"Score":2.67,"Term":"hydroxide","LastUpdated":"2020-07-11T17:16:25.6128314+05:30"},{"Score":2.55,"Term":"soap","LastUpdated":"2020-07-11T17:16:25.6128314+05:30"},{"Score":2.55,"Term":"hand","LastUpdated":"2020-07-11T17:16:25.6128314+05:30"},{"Score":2.42,"Term":"vinegar","LastUpdated":"2020-07-11T17:16:25.6128314+05:30"},{"Score":2.03,"Term":"lye","LastUpdated":"2020-07-11T17:16:25.6128314+05:30"},{"Score":1.76,"Term":"windex","LastUpdated":"2020-07-11T17:16:25.6128314+05:30"},{"Score":1.64,"Term":"detergent","LastUpdated":"2020-07-11T17:16:25.6128314+05:30"},{"Score":1.51,"Term":"cola","LastUpdated":"2020-07-11T17:16:25.6128314+05:30"},{"Score":1.5,"Term":"teaching","LastUpdated":"2020-07-11T17:16:25.6128314+05:30"},{"Score":0.98,"Term":"average","LastUpdated":"2020-07-11T17:16:25.6128314+05:30"},{"Score":0.9,"Term":"pdf","LastUpdated":"2020-07-11T17:16:25.6128314+05:30"},{"Score":0.85,"Term":"rank","LastUpdated":"2020-07-11T17:16:25.6128314+05:30"},{"Score":0.66,"Term":"training","LastUpdated":"2020-07-10T23:08:17.8298154+05:30"},{"Score":0.65,"Term":"toolkit","LastUpdated":"2020-07-10T23:08:17.8298154+05:30"},{"Score":0.59,"Term":"upper","LastUpdated":"2020-07-11T17:16:25.6128314+05:30"},{"Score":0.56,"Term":"graphic","LastUpdated":"2020-07-11T17:16:25.6128314+05:30"},{"Score":0.46,"Term":"organizer","LastUpdated":"2020-07-11T17:16:25.6128314+05:30"},{"Score":0.4,"Term":"document","LastUpdated":"2020-07-11T17:16:25.6128314+05:30"},{"Score":0.4,"Term":"edited","LastUpdated":"2020-07-11T17:16:25.6128314+05:30"},{"Score":0.3,"Term":"icecream","LastUpdated":"2020-07-11T17:16:25.6128314+05:30"},{"Score":0.3,"Term":"editor","LastUpdated":"2020-07-11T17:16:25.6128314+05:30"},{"Score":0.3,"Term":"upgrade","LastUpdated":"2020-07-11T17:16:25.6128314+05:30"},{"Score":0.2,"Term":"pro","LastUpdated":"2020-07-11T17:16:25.6128314+05:30"},{"Score":0.2,"Term":"watermark","LastUpdated":"2020-07-11T17:16:25.6128314+05:30"},{"Score":0.2,"Term":"remove","LastUpdated":"2020-07-11T17:16:25.6128314+05:30"}]},"ParentVectorId":"School.Assignment.Afterschool","VectorId":"School.Assignment.Afterschool_1","DocumentCount":13,"TermsWithScores":[{"Score":12.35,"Term":"data","LastUpdated":"2020-07-11T17:16:25.613831+05:30"},{"Score":10.91,"Term":"tables","LastUpdated":"2020-07-11T17:16:25.613831+05:30"},{"Score":9.87,"Term":"students","LastUpdated":"2020-07-11T17:16:25.613831+05:30"},{"Score":9.44,"Term":"afterschool","LastUpdated":"2020-07-11T17:16:25.613831+05:30"},{"Score":9.36,"Term":"learning","LastUpdated":"2020-07-11T17:16:25.613831+05:30"},{"Score":9.1,"Term":"tutoring","LastUpdated":"2020-07-11T17:16:25.613831+05:30"},{"Score":9.09,"Term":"safety","LastUpdated":"2020-07-11T17:16:25.613831+05:30"},{"Score":8.84,"Term":"national","LastUpdated":"2020-07-11T17:16:25.613831+05:30"},{"Score":8.84,"Term":"quality","LastUpdated":"2020-07-11T17:16:25.613831+05:30"},{"Score":8.84,"Term":"partnership","LastUpdated":"2020-07-11T17:16:25.613831+05:30"},{"Score":8.45,"Term":"enhance","LastUpdated":"2020-07-11T17:16:25.613831+05:30"},{"Score":8.45,"Term":"create","LastUpdated":"2020-07-11T17:16:25.613831+05:30"},{"Score":8.44,"Term":"science","LastUpdated":"2020-07-11T17:16:25.613831+05:30"},{"Score":8.42,"Term":"skills","LastUpdated":"2020-07-11T17:16:25.613831+05:30"},{"Score":8.21,"Term":"table","LastUpdated":"2020-07-11T17:16:25.613831+05:30"},{"Score":8.05,"Term":"pet","LastUpdated":"2020-07-11T17:16:25.613831+05:30"},{"Score":8.05,"Term":"survey","LastUpdated":"2020-07-11T17:16:25.613831+05:30"},{"Score":7.93,"Term":"sample","LastUpdated":"2020-07-11T17:16:25.613831+05:30"},{"Score":7.67,"Term":"guidelines","LastUpdated":"2020-07-11T17:16:25.613831+05:30"},{"Score":7.54,"Term":"checklist","LastUpdated":"2020-07-11T17:16:25.613831+05:30"},{"Score":7.04,"Term":"elementary","LastUpdated":"2020-07-11T17:16:25.613831+05:30"},{"Score":7.04,"Term":"morales","LastUpdated":"2020-07-11T17:16:25.613831+05:30"},{"Score":7.01,"Term":"school","LastUpdated":"2020-07-11T17:16:25.613831+05:30"},{"Score":6.88,"Term":"coils","LastUpdated":"2020-07-11T17:16:25.613831+05:30"},{"Score":6.88,"Term":"select","LastUpdated":"2020-07-11T17:16:25.613831+05:30"},{"Score":6.88,"Term":"favorite","LastUpdated":"2020-07-11T17:16:25.613831+05:30"},{"Score":6.78,"Term":"list","LastUpdated":"2020-07-11T17:16:25.613831+05:30"},{"Score":6.75,"Term":"animals","LastUpdated":"2020-07-11T17:16:25.613831+05:30"},{"Score":6.62,"Term":"cat","LastUpdated":"2020-07-11T17:16:25.613831+05:30"},{"Score":6.62,"Term":"dog","LastUpdated":"2020-07-11T17:16:25.613831+05:30"},{"Score":6.62,"Term":"lizard","LastUpdated":"2020-07-11T17:16:25.613831+05:30"},{"Score":6.61,"Term":"battery","LastUpdated":"2020-07-11T17:16:25.613831+05:30"},{"Score":6.52,"Term":"bird","LastUpdated":"2020-07-11T17:16:25.613831+05:30"},{"Score":6.49,"Term":"pig","LastUpdated":"2020-07-11T17:16:25.613831+05:30"},{"Score":6.49,"Term":"hamster","LastUpdated":"2020-07-11T17:16:25.613831+05:30"},{"Score":6.49,"Term":"guinea","LastUpdated":"2020-07-11T17:16:25.613831+05:30"},{"Score":6.39,"Term":"fish","LastUpdated":"2020-07-11T17:16:25.613831+05:30"},{"Score":6.36,"Term":"ferret","LastUpdated":"2020-07-11T17:16:25.613831+05:30"},{"Score":6.23,"Term":"precautions","LastUpdated":"2020-07-11T17:16:25.613831+05:30"},{"Score":6.22,"Term":"repeating","LastUpdated":"2020-07-11T17:16:25.613831+05:30"},{"Score":6.1,"Term":"collected","LastUpdated":"2020-07-11T17:16:25.613831+05:30"},{"Score":6.1,"Term":"include","LastUpdated":"2020-07-11T17:16:25.613831+05:30"},{"Score":6.1,"Term":"experiment","LastUpdated":"2020-07-11T17:16:25.613831+05:30"},{"Score":6.09,"Term":"goggles","LastUpdated":"2020-07-11T17:16:25.613831+05:30"},{"Score":6.09,"Term":"substances","LastUpdated":"2020-07-11T17:16:25.613831+05:30"},{"Score":5.99,"Term":"electromagnet","LastUpdated":"2020-07-11T17:16:25.613831+05:30"},{"Score":5.97,"Term":"volt","LastUpdated":"2020-07-11T17:16:25.613831+05:30"},{"Score":5.84,"Term":"piece","LastUpdated":"2020-07-11T17:16:25.613831+05:30"},{"Score":5.84,"Term":"insulated","LastUpdated":"2020-07-11T17:16:25.613831+05:30"},{"Score":5.84,"Term":"switch","LastUpdated":"2020-07-11T17:16:25.613831+05:30"},{"Score":5.83,"Term":"household","LastUpdated":"2020-07-11T17:16:25.613831+05:30"},{"Score":5.73,"Term":"wire","LastUpdated":"2020-07-11T17:16:25.613831+05:30"},{"Score":5.71,"Term":"nail","LastUpdated":"2020-07-11T17:16:25.613831+05:30"},{"Score":5.71,"Term":"trials","LastUpdated":"2020-07-11T17:16:25.613831+05:30"},{"Score":5.32,"Term":"spectacles","LastUpdated":"2020-07-11T17:16:25.613831+05:30"},{"Score":5.31,"Term":"avoiding","LastUpdated":"2020-07-11T17:16:25.613831+05:30"},{"Score":5.31,"Term":"short","LastUpdated":"2020-07-11T17:16:25.613831+05:30"},{"Score":5.19,"Term":"circuits","LastUpdated":"2020-07-11T17:16:25.613831+05:30"},{"Score":5.06,"Term":"paperclips","LastUpdated":"2020-07-11T17:16:25.613831+05:30"},{"Score":4.37,"Term":"values","LastUpdated":"2020-07-11T17:16:25.613831+05:30"},{"Score":4.27,"Term":"common","LastUpdated":"2020-07-11T17:16:25.613831+05:30"},{"Score":4.24,"Term":"bleach","LastUpdated":"2020-07-11T17:16:25.613831+05:30"},{"Score":4.24,"Term":"ammonia","LastUpdated":"2020-07-11T17:16:25.613831+05:30"},{"Score":4.14,"Term":"teams","LastUpdated":"2020-07-11T17:16:25.613831+05:30"},{"Score":4.11,"Term":"probes","LastUpdated":"2020-07-11T17:16:25.613831+05:30"},{"Score":4.01,"Term":"juice","LastUpdated":"2020-07-11T17:16:25.613831+05:30"},{"Score":3.87,"Term":"water","LastUpdated":"2020-07-11T17:16:25.613831+05:30"},{"Score":3.86,"Term":"hooded","LastUpdated":"2020-07-11T17:16:25.613831+05:30"},{"Score":3.85,"Term":"ventilation","LastUpdated":"2020-07-11T17:16:25.613831+05:30"},{"Score":3.72,"Term":"acid","LastUpdated":"2020-07-11T17:16:25.613831+05:30"},{"Score":3.72,"Term":"gloves","LastUpdated":"2020-07-11T17:16:25.613831+05:30"},{"Score":3.62,"Term":"apron","LastUpdated":"2020-07-11T17:16:25.613831+05:30"},{"Score":3.49,"Term":"strong","LastUpdated":"2020-07-11T17:16:25.613831+05:30"},{"Score":3.48,"Term":"acids","LastUpdated":"2020-07-11T17:16:25.613831+05:30"},{"Score":3.46,"Term":"children","LastUpdated":"2020-07-11T17:16:25.613831+05:30"},{"Score":3.46,"Term":"lemon","LastUpdated":"2020-07-11T17:16:25.613831+05:30"},{"Score":3.33,"Term":"soda","LastUpdated":"2020-07-11T17:16:25.613831+05:30"},{"Score":3.33,"Term":"milk","LastUpdated":"2020-07-11T17:16:25.613831+05:30"},{"Score":3.33,"Term":"baking","LastUpdated":"2020-07-11T17:16:25.613831+05:30"},{"Score":3.2,"Term":"liquid","LastUpdated":"2020-07-11T17:16:25.613831+05:30"},{"Score":3.1,"Term":"orange","LastUpdated":"2020-07-11T17:16:25.613831+05:30"},{"Score":3.06,"Term":"scale","LastUpdated":"2020-07-11T17:16:25.613831+05:30"},{"Score":2.94,"Term":"apples","LastUpdated":"2020-07-11T17:16:25.613831+05:30"},{"Score":2.83,"Term":"tomatoes","LastUpdated":"2020-07-11T17:16:25.613831+05:30"},{"Score":2.81,"Term":"bottled","LastUpdated":"2020-07-11T17:16:25.613831+05:30"},{"Score":2.68,"Term":"magnesia","LastUpdated":"2020-07-11T17:16:25.613831+05:30"},{"Score":2.67,"Term":"sodium","LastUpdated":"2020-07-11T17:16:25.613831+05:30"},{"Score":2.67,"Term":"hydroxide","LastUpdated":"2020-07-11T17:16:25.613831+05:30"},{"Score":2.55,"Term":"soap","LastUpdated":"2020-07-11T17:16:25.613831+05:30"},{"Score":2.55,"Term":"hand","LastUpdated":"2020-07-11T17:16:25.613831+05:30"},{"Score":2.42,"Term":"vinegar","LastUpdated":"2020-07-11T17:16:25.613831+05:30"},{"Score":2.03,"Term":"lye","LastUpdated":"2020-07-11T17:16:25.613831+05:30"},{"Score":1.76,"Term":"windex","LastUpdated":"2020-07-11T17:16:25.613831+05:30"},{"Score":1.64,"Term":"detergent","LastUpdated":"2020-07-11T17:16:25.613831+05:30"},{"Score":1.51,"Term":"cola","LastUpdated":"2020-07-11T17:16:25.613831+05:30"},{"Score":1.5,"Term":"teaching","LastUpdated":"2020-07-11T17:16:25.613831+05:30"},{"Score":0.98,"Term":"average","LastUpdated":"2020-07-11T17:16:25.613831+05:30"},{"Score":0.9,"Term":"pdf","LastUpdated":"2020-07-11T17:16:25.613831+05:30"},{"Score":0.85,"Term":"rank","LastUpdated":"2020-07-11T17:16:25.613831+05:30"},{"Score":0.66,"Term":"training","LastUpdated":"2020-07-10T23:08:17.8308134+05:30"},{"Score":0.65,"Term":"toolkit","LastUpdated":"2020-07-10T23:08:17.8308134+05:30"},{"Score":0.59,"Term":"upper","LastUpdated":"2020-07-11T17:16:25.613831+05:30"},{"Score":0.56,"Term":"graphic","LastUpdated":"2020-07-11T17:16:25.613831+05:30"},{"Score":0.46,"Term":"organizer","LastUpdated":"2020-07-11T17:16:25.613831+05:30"},{"Score":0.4,"Term":"document","LastUpdated":"2020-07-11T17:16:25.613831+05:30"},{"Score":0.4,"Term":"edited","LastUpdated":"2020-07-11T17:16:25.613831+05:30"},{"Score":0.3,"Term":"icecream","LastUpdated":"2020-07-11T17:16:25.613831+05:30"},{"Score":0.3,"Term":"editor","LastUpdated":"2020-07-11T17:16:25.613831+05:30"},{"Score":0.3,"Term":"upgrade","LastUpdated":"2020-07-11T17:16:25.613831+05:30"},{"Score":0.2,"Term":"pro","LastUpdated":"2020-07-11T17:16:25.613831+05:30"},{"Score":0.2,"Term":"watermark","LastUpdated":"2020-07-11T17:16:25.613831+05:30"},{"Score":0.2,"Term":"remove","LastUpdated":"2020-07-11T17:16:25.613831+05:30"}]}],"TotalDocumentLength":33255,"PageCount":1,"FirstPageVector":{"VectorId":"School.Assignment.Afterschool.FirstPage","DocumentCount":13,"TermsWithScores":[{"Score":12.35,"Term":"data","LastUpdated":"2020-07-11T17:16:25.6118299+05:30"},{"Score":10.91,"Term":"tables","LastUpdated":"2020-07-11T17:16:25.6108306+05:30"},{"Score":9.87,"Term":"students","LastUpdated":"2020-07-11T17:16:25.6108306+05:30"},{"Score":9.44,"Term":"afterschool","LastUpdated":"2020-07-11T17:16:25.6108306+05:30"},{"Score":9.36,"Term":"learning","LastUpdated":"2020-07-11T17:16:25.6108306+05:30"},{"Score":9.1,"Term":"tutoring","LastUpdated":"2020-07-11T17:16:25.6108306+05:30"},{"Score":9.09,"Term":"safety","LastUpdated":"2020-07-11T17:16:25.6118299+05:30"},{"Score":8.84,"Term":"national","LastUpdated":"2020-07-11T17:16:25.6108306+05:30"},{"Score":8.84,"Term":"quality","LastUpdated":"2020-07-11T17:16:25.6108306+05:30"},{"Score":8.84,"Term":"partnership","LastUpdated":"2020-07-11T17:16:25.6108306+05:30"},{"Score":8.45,"Term":"enhance","LastUpdated":"2020-07-11T17:16:25.6108306+05:30"},{"Score":8.45,"Term":"create","LastUpdated":"2020-07-11T17:16:25.6108306+05:30"},{"Score":8.44,"Term":"science","LastUpdated":"2020-07-11T17:16:25.6108306+05:30"},{"Score":8.42,"Term":"skills","LastUpdated":"2020-07-11T17:16:25.6108306+05:30"},{"Score":8.21,"Term":"table","LastUpdated":"2020-07-11T17:16:25.6108306+05:30"},{"Score":8.05,"Term":"pet","LastUpdated":"2020-07-11T17:16:25.6108306+05:30"},{"Score":8.05,"Term":"survey","LastUpdated":"2020-07-11T17:16:25.6108306+05:30"},{"Score":7.93,"Term":"sample","LastUpdated":"2020-07-11T17:16:25.6108306+05:30"},{"Score":7.67,"Term":"guidelines","LastUpdated":"2020-07-11T17:16:25.6108306+05:30"},{"Score":7.54,"Term":"checklist","LastUpdated":"2020-07-11T17:16:25.6108306+05:30"},{"Score":7.04,"Term":"elementary","LastUpdated":"2020-07-11T17:16:25.6108306+05:30"},{"Score":7.04,"Term":"morales","LastUpdated":"2020-07-11T17:16:25.6108306+05:30"},{"Score":7.01,"Term":"school","LastUpdated":"2020-07-11T17:16:25.6108306+05:30"},{"Score":6.88,"Term":"coils","LastUpdated":"2020-07-11T17:16:25.6108306+05:30"},{"Score":6.88,"Term":"select","LastUpdated":"2020-07-11T17:16:25.6108306+05:30"},{"Score":6.88,"Term":"favorite","LastUpdated":"2020-07-11T17:16:25.6108306+05:30"},{"Score":6.78,"Term":"list","LastUpdated":"2020-07-11T17:16:25.6108306+05:30"},{"Score":6.75,"Term":"animals","LastUpdated":"2020-07-11T17:16:25.6108306+05:30"},{"Score":6.62,"Term":"cat","LastUpdated":"2020-07-11T17:16:25.6108306+05:30"},{"Score":6.62,"Term":"dog","LastUpdated":"2020-07-11T17:16:25.6108306+05:30"},{"Score":6.62,"Term":"lizard","LastUpdated":"2020-07-11T17:16:25.6108306+05:30"},{"Score":6.61,"Term":"battery","LastUpdated":"2020-07-11T17:16:25.6108306+05:30"},{"Score":6.52,"Term":"bird","LastUpdated":"2020-07-11T17:16:25.6108306+05:30"},{"Score":6.49,"Term":"pig","LastUpdated":"2020-07-11T17:16:25.6108306+05:30"},{"Score":6.49,"Term":"hamster","LastUpdated":"2020-07-11T17:16:25.6108306+05:30"},{"Score":6.49,"Term":"guinea","LastUpdated":"2020-07-11T17:16:25.6108306+05:30"},{"Score":6.39,"Term":"fish","LastUpdated":"2020-07-11T17:16:25.6108306+05:30"},{"Score":6.36,"Term":"ferret","LastUpdated":"2020-07-11T17:16:25.6108306+05:30"},{"Score":6.23,"Term":"precautions","LastUpdated":"2020-07-11T17:16:25.6108306+05:30"},{"Score":6.22,"Term":"repeating","LastUpdated":"2020-07-11T17:16:25.6108306+05:30"},{"Score":6.1,"Term":"collected","LastUpdated":"2020-07-11T17:16:25.6108306+05:30"},{"Score":6.1,"Term":"include","LastUpdated":"2020-07-11T17:16:25.6108306+05:30"},{"Score":6.1,"Term":"experiment","LastUpdated":"2020-07-11T17:16:25.6108306+05:30"},{"Score":6.09,"Term":"goggles","LastUpdated":"2020-07-11T17:16:25.6108306+05:30"},{"Score":6.09,"Term":"substances","LastUpdated":"2020-07-11T17:16:25.6108306+05:30"},{"Score":5.99,"Term":"electromagnet","LastUpdated":"2020-07-11T17:16:25.6108306+05:30"},{"Score":5.97,"Term":"volt","LastUpdated":"2020-07-11T17:16:25.6108306+05:30"},{"Score":5.84,"Term":"piece","LastUpdated":"2020-07-11T17:16:25.6108306+05:30"},{"Score":5.84,"Term":"insulated","LastUpdated":"2020-07-11T17:16:25.6108306+05:30"},{"Score":5.84,"Term":"switch","LastUpdated":"2020-07-11T17:16:25.6118299+05:30"},{"Score":5.83,"Term":"household","LastUpdated":"2020-07-11T17:16:25.6108306+05:30"},{"Score":5.73,"Term":"wire","LastUpdated":"2020-07-11T17:16:25.6108306+05:30"},{"Score":5.71,"Term":"nail","LastUpdated":"2020-07-11T17:16:25.6108306+05:30"},{"Score":5.71,"Term":"trials","LastUpdated":"2020-07-11T17:16:25.6108306+05:30"},{"Score":5.32,"Term":"spectacles","LastUpdated":"2020-07-11T17:16:25.6108306+05:30"},{"Score":5.31,"Term":"avoiding","LastUpdated":"2020-07-11T17:16:25.6108306+05:30"},{"Score":5.31,"Term":"short","LastUpdated":"2020-07-11T17:16:25.6108306+05:30"},{"Score":5.19,"Term":"circuits","LastUpdated":"2020-07-11T17:16:25.6108306+05:30"},{"Score":5.06,"Term":"paperclips","LastUpdated":"2020-07-11T17:16:25.6108306+05:30"},{"Score":4.37,"Term":"values","LastUpdated":"2020-07-11T17:16:25.6108306+05:30"},{"Score":4.27,"Term":"common","LastUpdated":"2020-07-11T17:16:25.6108306+05:30"},{"Score":4.24,"Term":"bleach","LastUpdated":"2020-07-11T17:16:25.6108306+05:30"},{"Score":4.24,"Term":"ammonia","LastUpdated":"2020-07-11T17:16:25.6108306+05:30"},{"Score":4.14,"Term":"teams","LastUpdated":"2020-07-11T17:16:25.6108306+05:30"},{"Score":4.11,"Term":"probes","LastUpdated":"2020-07-11T17:16:25.6108306+05:30"},{"Score":4.01,"Term":"juice","LastUpdated":"2020-07-11T17:16:25.6108306+05:30"},{"Score":3.87,"Term":"water","LastUpdated":"2020-07-11T17:16:25.6108306+05:30"},{"Score":3.86,"Term":"hooded","LastUpdated":"2020-07-11T17:16:25.6108306+05:30"},{"Score":3.85,"Term":"ventilation","LastUpdated":"2020-07-11T17:16:25.6108306+05:30"},{"Score":3.72,"Term":"acid","LastUpdated":"2020-07-11T17:16:25.6108306+05:30"},{"Score":3.72,"Term":"gloves","LastUpdated":"2020-07-11T17:16:25.6108306+05:30"},{"Score":3.62,"Term":"apron","LastUpdated":"2020-07-11T17:16:25.6108306+05:30"},{"Score":3.49,"Term":"strong","LastUpdated":"2020-07-11T17:16:25.6108306+05:30"},{"Score":3.48,"Term":"acids","LastUpdated":"2020-07-11T17:16:25.6108306+05:30"},{"Score":3.46,"Term":"children","LastUpdated":"2020-07-11T17:16:25.6108306+05:30"},{"Score":3.46,"Term":"lemon","LastUpdated":"2020-07-11T17:16:25.6108306+05:30"},{"Score":3.33,"Term":"soda","LastUpdated":"2020-07-11T17:16:25.6108306+05:30"},{"Score":3.33,"Term":"milk","LastUpdated":"2020-07-11T17:16:25.6108306+05:30"},{"Score":3.33,"Term":"baking","LastUpdated":"2020-07-11T17:16:25.6108306+05:30"},{"Score":3.2,"Term":"liquid","LastUpdated":"2020-07-11T17:16:25.6108306+05:30"},{"Score":3.1,"Term":"orange","LastUpdated":"2020-07-11T17:16:25.6108306+05:30"},{"Score":3.06,"Term":"scale","LastUpdated":"2020-07-11T17:16:25.6108306+05:30"},{"Score":2.94,"Term":"apples","LastUpdated":"2020-07-11T17:16:25.6108306+05:30"},{"Score":2.83,"Term":"tomatoes","LastUpdated":"2020-07-11T17:16:25.6108306+05:30"},{"Score":2.81,"Term":"bottled","LastUpdated":"2020-07-11T17:16:25.6108306+05:30"},{"Score":2.68,"Term":"magnesia","LastUpdated":"2020-07-11T17:16:25.6108306+05:30"},{"Score":2.67,"Term":"sodium","LastUpdated":"2020-07-11T17:16:25.6108306+05:30"},{"Score":2.67,"Term":"hydroxide","LastUpdated":"2020-07-11T17:16:25.6108306+05:30"},{"Score":2.55,"Term":"soap","LastUpdated":"2020-07-11T17:16:25.6108306+05:30"},{"Score":2.55,"Term":"hand","LastUpdated":"2020-07-11T17:16:25.6108306+05:30"},{"Score":2.42,"Term":"vinegar","LastUpdated":"2020-07-11T17:16:25.6108306+05:30"},{"Score":2.03,"Term":"lye","LastUpdated":"2020-07-11T17:16:25.6108306+05:30"},{"Score":1.76,"Term":"windex","LastUpdated":"2020-07-11T17:16:25.6108306+05:30"},{"Score":1.64,"Term":"detergent","LastUpdated":"2020-07-11T17:16:25.6108306+05:30"},{"Score":1.51,"Term":"cola","LastUpdated":"2020-07-11T17:16:25.6108306+05:30"},{"Score":1.5,"Term":"teaching","LastUpdated":"2020-07-11T17:16:25.6108306+05:30"},{"Score":0.98,"Term":"average","LastUpdated":"2020-07-11T17:16:25.6108306+05:30"},{"Score":0.9,"Term":"pdf","LastUpdated":"2020-07-11T17:16:25.6108306+05:30"},{"Score":0.85,"Term":"rank","LastUpdated":"2020-07-11T17:16:25.6108306+05:30"},{"Score":0.66,"Term":"training","LastUpdated":"2020-07-10T23:08:17.8268149+05:30"},{"Score":0.65,"Term":"toolkit","LastUpdated":"2020-07-10T23:08:17.8268149+05:30"},{"Score":0.59,"Term":"upper","LastUpdated":"2020-07-11T17:16:25.6118299+05:30"},{"Score":0.56,"Term":"graphic","LastUpdated":"2020-07-11T17:16:25.6108306+05:30"},{"Score":0.46,"Term":"organizer","LastUpdated":"2020-07-11T17:16:25.6108306+05:30"},{"Score":0.4,"Term":"document","LastUpdated":"2020-07-11T17:16:25.6108306+05:30"},{"Score":0.4,"Term":"edited","LastUpdated":"2020-07-11T17:16:25.6108306+05:30"},{"Score":0.3,"Term":"icecream","LastUpdated":"2020-07-11T17:16:25.6108306+05:30"},{"Score":0.3,"Term":"editor","LastUpdated":"2020-07-11T17:16:25.6108306+05:30"},{"Score":0.3,"Term":"upgrade","LastUpdated":"2020-07-11T17:16:25.6118299+05:30"},{"Score":0.2,"Term":"pro","LastUpdated":"2020-07-11T17:16:25.6108306+05:30"},{"Score":0.2,"Term":"watermark","LastUpdated":"2020-07-11T17:16:25.6108306+05:30"},{"Score":0.2,"Term":"remove","LastUpdated":"2020-07-11T17:16:25.6108306+05:30"}]},"ParentVectorId":null,"VectorId":"School.Assignment.Afterschool","DocumentCount":13,"TermsWithScores":[{"Score":12.35,"Term":"data","LastUpdated":"2020-07-11T17:16:25.6128314+05:30"},{"Score":10.91,"Term":"tables","LastUpdated":"2020-07-11T17:16:25.6118299+05:30"},{"Score":9.87,"Term":"students","LastUpdated":"2020-07-11T17:16:25.6118299+05:30"},{"Score":9.44,"Term":"afterschool","LastUpdated":"2020-07-11T17:16:25.6118299+05:30"},{"Score":9.36,"Term":"learning","LastUpdated":"2020-07-11T17:16:25.6118299+05:30"},{"Score":9.1,"Term":"tutoring","LastUpdated":"2020-07-11T17:16:25.6118299+05:30"},{"Score":9.09,"Term":"safety","LastUpdated":"2020-07-11T17:16:25.6128314+05:30"},{"Score":8.84,"Term":"national","LastUpdated":"2020-07-11T17:16:25.6118299+05:30"},{"Score":8.84,"Term":"quality","LastUpdated":"2020-07-11T17:16:25.6118299+05:30"},{"Score":8.84,"Term":"partnership","LastUpdated":"2020-07-11T17:16:25.6118299+05:30"},{"Score":8.45,"Term":"enhance","LastUpdated":"2020-07-11T17:16:25.6118299+05:30"},{"Score":8.45,"Term":"create","LastUpdated":"2020-07-11T17:16:25.6118299+05:30"},{"Score":8.44,"Term":"science","LastUpdated":"2020-07-11T17:16:25.6118299+05:30"},{"Score":8.42,"Term":"skills","LastUpdated":"2020-07-11T17:16:25.6118299+05:30"},{"Score":8.21,"Term":"table","LastUpdated":"2020-07-11T17:16:25.6118299+05:30"},{"Score":8.05,"Term":"pet","LastUpdated":"2020-07-11T17:16:25.6118299+05:30"},{"Score":8.05,"Term":"survey","LastUpdated":"2020-07-11T17:16:25.6118299+05:30"},{"Score":7.93,"Term":"sample","LastUpdated":"2020-07-11T17:16:25.6118299+05:30"},{"Score":7.67,"Term":"guidelines","LastUpdated":"2020-07-11T17:16:25.6128314+05:30"},{"Score":7.54,"Term":"checklist","LastUpdated":"2020-07-11T17:16:25.6118299+05:30"},{"Score":7.04,"Term":"elementary","LastUpdated":"2020-07-11T17:16:25.6118299+05:30"},{"Score":7.04,"Term":"morales","LastUpdated":"2020-07-11T17:16:25.6118299+05:30"},{"Score":7.01,"Term":"school","LastUpdated":"2020-07-11T17:16:25.6118299+05:30"},{"Score":6.88,"Term":"coils","LastUpdated":"2020-07-11T17:16:25.6118299+05:30"},{"Score":6.88,"Term":"select","LastUpdated":"2020-07-11T17:16:25.6118299+05:30"},{"Score":6.88,"Term":"favorite","LastUpdated":"2020-07-11T17:16:25.6118299+05:30"},{"Score":6.78,"Term":"list","LastUpdated":"2020-07-11T17:16:25.6118299+05:30"},{"Score":6.75,"Term":"animals","LastUpdated":"2020-07-11T17:16:25.6118299+05:30"},{"Score":6.62,"Term":"cat","LastUpdated":"2020-07-11T17:16:25.6118299+05:30"},{"Score":6.62,"Term":"dog","LastUpdated":"2020-07-11T17:16:25.6118299+05:30"},{"Score":6.62,"Term":"lizard","LastUpdated":"2020-07-11T17:16:25.6118299+05:30"},{"Score":6.61,"Term":"battery","LastUpdated":"2020-07-11T17:16:25.6118299+05:30"},{"Score":6.52,"Term":"bird","LastUpdated":"2020-07-11T17:16:25.6118299+05:30"},{"Score":6.49,"Term":"pig","LastUpdated":"2020-07-11T17:16:25.6118299+05:30"},{"Score":6.49,"Term":"hamster","LastUpdated":"2020-07-11T17:16:25.6118299+05:30"},{"Score":6.49,"Term":"guinea","LastUpdated":"2020-07-11T17:16:25.6118299+05:30"},{"Score":6.39,"Term":"fish","LastUpdated":"2020-07-11T17:16:25.6118299+05:30"},{"Score":6.36,"Term":"ferret","LastUpdated":"2020-07-11T17:16:25.6118299+05:30"},{"Score":6.23,"Term":"precautions","LastUpdated":"2020-07-11T17:16:25.6118299+05:30"},{"Score":6.22,"Term":"repeating","LastUpdated":"2020-07-11T17:16:25.6118299+05:30"},{"Score":6.1,"Term":"collected","LastUpdated":"2020-07-11T17:16:25.6118299+05:30"},{"Score":6.1,"Term":"include","LastUpdated":"2020-07-11T17:16:25.6118299+05:30"},{"Score":6.1,"Term":"experiment","LastUpdated":"2020-07-11T17:16:25.6118299+05:30"},{"Score":6.09,"Term":"goggles","LastUpdated":"2020-07-11T17:16:25.6118299+05:30"},{"Score":6.09,"Term":"substances","LastUpdated":"2020-07-11T17:16:25.6128314+05:30"},{"Score":5.99,"Term":"electromagnet","LastUpdated":"2020-07-11T17:16:25.6118299+05:30"},{"Score":5.97,"Term":"volt","LastUpdated":"2020-07-11T17:16:25.6118299+05:30"},{"Score":5.84,"Term":"piece","LastUpdated":"2020-07-11T17:16:25.6118299+05:30"},{"Score":5.84,"Term":"insulated","LastUpdated":"2020-07-11T17:16:25.6118299+05:30"},{"Score":5.84,"Term":"switch","LastUpdated":"2020-07-11T17:16:25.6128314+05:30"},{"Score":5.83,"Term":"household","LastUpdated":"2020-07-11T17:16:25.6118299+05:30"},{"Score":5.73,"Term":"wire","LastUpdated":"2020-07-11T17:16:25.6118299+05:30"},{"Score":5.71,"Term":"nail","LastUpdated":"2020-07-11T17:16:25.6118299+05:30"},{"Score":5.71,"Term":"trials","LastUpdated":"2020-07-11T17:16:25.6118299+05:30"},{"Score":5.32,"Term":"spectacles","LastUpdated":"2020-07-11T17:16:25.6118299+05:30"},{"Score":5.31,"Term":"avoiding","LastUpdated":"2020-07-11T17:16:25.6118299+05:30"},{"Score":5.31,"Term":"short","LastUpdated":"2020-07-11T17:16:25.6118299+05:30"},{"Score":5.19,"Term":"circuits","LastUpdated":"2020-07-11T17:16:25.6118299+05:30"},{"Score":5.06,"Term":"paperclips","LastUpdated":"2020-07-11T17:16:25.6118299+05:30"},{"Score":4.37,"Term":"values","LastUpdated":"2020-07-11T17:16:25.6118299+05:30"},{"Score":4.27,"Term":"common","LastUpdated":"2020-07-11T17:16:25.6118299+05:30"},{"Score":4.24,"Term":"bleach","LastUpdated":"2020-07-11T17:16:25.6118299+05:30"},{"Score":4.24,"Term":"ammonia","LastUpdated":"2020-07-11T17:16:25.6118299+05:30"},{"Score":4.14,"Term":"teams","LastUpdated":"2020-07-11T17:16:25.6118299+05:30"},{"Score":4.11,"Term":"probes","LastUpdated":"2020-07-11T17:16:25.6118299+05:30"},{"Score":4.01,"Term":"juice","LastUpdated":"2020-07-11T17:16:25.6118299+05:30"},{"Score":3.87,"Term":"water","LastUpdated":"2020-07-11T17:16:25.6118299+05:30"},{"Score":3.86,"Term":"hooded","LastUpdated":"2020-07-11T17:16:25.6118299+05:30"},{"Score":3.85,"Term":"ventilation","LastUpdated":"2020-07-11T17:16:25.6118299+05:30"},{"Score":3.72,"Term":"acid","LastUpdated":"2020-07-11T17:16:25.6118299+05:30"},{"Score":3.72,"Term":"gloves","LastUpdated":"2020-07-11T17:16:25.6118299+05:30"},{"Score":3.62,"Term":"apron","LastUpdated":"2020-07-11T17:16:25.6118299+05:30"},{"Score":3.49,"Term":"strong","LastUpdated":"2020-07-11T17:16:25.6118299+05:30"},{"Score":3.48,"Term":"acids","LastUpdated":"2020-07-11T17:16:25.6118299+05:30"},{"Score":3.46,"Term":"children","LastUpdated":"2020-07-11T17:16:25.6118299+05:30"},{"Score":3.46,"Term":"lemon","LastUpdated":"2020-07-11T17:16:25.6118299+05:30"},{"Score":3.33,"Term":"soda","LastUpdated":"2020-07-11T17:16:25.6118299+05:30"},{"Score":3.33,"Term":"milk","LastUpdated":"2020-07-11T17:16:25.6118299+05:30"},{"Score":3.33,"Term":"baking","LastUpdated":"2020-07-11T17:16:25.6118299+05:30"},{"Score":3.2,"Term":"liquid","LastUpdated":"2020-07-11T17:16:25.6118299+05:30"},{"Score":3.1,"Term":"orange","LastUpdated":"2020-07-11T17:16:25.6118299+05:30"},{"Score":3.06,"Term":"scale","LastUpdated":"2020-07-11T17:16:25.6118299+05:30"},{"Score":2.94,"Term":"apples","LastUpdated":"2020-07-11T17:16:25.6118299+05:30"},{"Score":2.83,"Term":"tomatoes","LastUpdated":"2020-07-11T17:16:25.6118299+05:30"},{"Score":2.81,"Term":"bottled","LastUpdated":"2020-07-11T17:16:25.6118299+05:30"},{"Score":2.68,"Term":"magnesia","LastUpdated":"2020-07-11T17:16:25.6118299+05:30"},{"Score":2.67,"Term":"sodium","LastUpdated":"2020-07-11T17:16:25.6118299+05:30"},{"Score":2.67,"Term":"hydroxide","LastUpdated":"2020-07-11T17:16:25.6118299+05:30"},{"Score":2.55,"Term":"soap","LastUpdated":"2020-07-11T17:16:25.6118299+05:30"},{"Score":2.55,"Term":"hand","LastUpdated":"2020-07-11T17:16:25.6118299+05:30"},{"Score":2.42,"Term":"vinegar","LastUpdated":"2020-07-11T17:16:25.6118299+05:30"},{"Score":2.03,"Term":"lye","LastUpdated":"2020-07-11T17:16:25.6128314+05:30"},{"Score":1.76,"Term":"windex","LastUpdated":"2020-07-11T17:16:25.6118299+05:30"},{"Score":1.64,"Term":"detergent","LastUpdated":"2020-07-11T17:16:25.6118299+05:30"},{"Score":1.51,"Term":"cola","LastUpdated":"2020-07-11T17:16:25.6118299+05:30"},{"Score":1.5,"Term":"teaching","LastUpdated":"2020-07-11T17:16:25.6118299+05:30"},{"Score":0.98,"Term":"average","LastUpdated":"2020-07-11T17:16:25.6118299+05:30"},{"Score":0.9,"Term":"pdf","LastUpdated":"2020-07-11T17:16:25.6118299+05:30"},{"Score":0.85,"Term":"rank","LastUpdated":"2020-07-11T17:16:25.6118299+05:30"},{"Score":0.66,"Term":"training","LastUpdated":"2020-07-10T23:08:17.828814+05:30"},{"Score":0.65,"Term":"toolkit","LastUpdated":"2020-07-10T23:08:17.828814+05:30"},{"Score":0.59,"Term":"upper","LastUpdated":"2020-07-11T17:16:25.6128314+05:30"},{"Score":0.56,"Term":"graphic","LastUpdated":"2020-07-11T17:16:25.6118299+05:30"},{"Score":0.46,"Term":"organizer","LastUpdated":"2020-07-11T17:16:25.6118299+05:30"},{"Score":0.4,"Term":"document","LastUpdated":"2020-07-11T17:16:25.6118299+05:30"},{"Score":0.4,"Term":"edited","LastUpdated":"2020-07-11T17:16:25.6128314+05:30"},{"Score":0.3,"Term":"icecream","LastUpdated":"2020-07-11T17:16:25.6118299+05:30"},{"Score":0.3,"Term":"editor","LastUpdated":"2020-07-11T17:16:25.6128314+05:30"},{"Score":0.3,"Term":"upgrade","LastUpdated":"2020-07-11T17:16:25.6128314+05:30"},{"Score":0.2,"Term":"pro","LastUpdated":"2020-07-11T17:16:25.6118299+05:30"},{"Score":0.2,"Term":"watermark","LastUpdated":"2020-07-11T17:16:25.6118299+05:30"},{"Score":0.2,"Term":"remove","LastUpdated":"2020-07-11T17:16:25.6118299+05:30"}]}]
